{"chunk_definitions":[{"row":32,"row_count":1,"visible":true,"expansion_state":0,"options":{"engine":"---","label":"unnamed-chunk-1"},"document_id":"FCFE228E","chunk_id":"cmfpdagqfdd5f","chunk_label":"load"},{"row":35,"row_count":1,"visible":true,"expansion_state":0,"options":{},"document_id":"FCFE228E","chunk_id":"cip2qomdcycqu","chunk_label":"load"},{"row":47,"row_count":1,"visible":true,"expansion_state":0,"options":{},"document_id":"FCFE228E","chunk_id":"cl5obxes6ez0x","chunk_label":"raw"},{"row":57,"row_count":1,"visible":true,"expansion_state":0,"options":{},"document_id":"FCFE228E","chunk_id":"cukummo4kgdlr","chunk_label":"filter"},{"row":64,"row_count":1,"visible":true,"expansion_state":0,"options":{},"document_id":"FCFE228E","chunk_id":"cosv4hqdywmua","chunk_label":"save"},{"row":75,"row_count":1,"visible":true,"expansion_state":0,"options":{},"document_id":"FCFE228E","chunk_id":"c8tflf0mbn87z","chunk_label":"read"},{"row":83,"row_count":1,"visible":true,"expansion_state":0,"options":{},"document_id":"FCFE228E","chunk_id":"cu1qnl8xp2i1l","chunk_label":"convert"}],"doc_write_time":1652274059}