trade_day,sandp,corn
2-Jan-15,2058.2,395.75
5-Jan-15,2020.6,406
6-Jan-15,2002.6,405
7-Jan-15,2025.9,396.25
8-Jan-15,2062.1,394.25
9-Jan-15,2044.8,400.25
12-Jan-15,2028.3,402
13-Jan-15,2023,385.75
14-Jan-15,2011.3,381
15-Jan-15,1992.7,380
16-Jan-15,2019.4,387
20-Jan-15,2022.6,390.25
21-Jan-15,2032.1,388
22-Jan-15,2063.2,383.75
23-Jan-15,2051.8,386.75
26-Jan-15,2057.1,384
27-Jan-15,2029.6,381.25
28-Jan-15,2002.2,373.25
29-Jan-15,2021.3,371.5
30-Jan-15,1995,370
2-Feb-15,2020.9,369.75
3-Feb-15,2050,385.75
4-Feb-15,2041.5,383.5
5-Feb-15,2062.5,385.25
6-Feb-15,2055.5,385.75
9-Feb-15,2046.7,391.25
10-Feb-15,2068.6,388
11-Feb-15,2068.5,385.75
12-Feb-15,2088.5,383
13-Feb-15,2097,387.25
17-Feb-15,2100.3,389.5
18-Feb-15,2099.7,383.75
19-Feb-15,2097.5,389.75
20-Feb-15,2110.3,385.25
23-Feb-15,2109.7,378.75
24-Feb-15,2115.5,377.5
25-Feb-15,2113.9,375.75
26-Feb-15,2110.7,380
27-Feb-15,2104.5,384.5
2-Mar-15,2117.4,378.75
3-Mar-15,2107.8,382
4-Mar-15,2098.5,381.5
5-Mar-15,2101,382.75
6-Mar-15,2071.3,379.25
9-Mar-15,2079.4,383.25
10-Mar-15,2044.2,382.25
11-Mar-15,2040.2,384
12-Mar-15,2066,382.25
13-Mar-15,2053.4,374
16-Mar-15,2081.2,379
17-Mar-15,2074.3,371
18-Mar-15,2099.5,374.75
19-Mar-15,2089.3,373.5
20-Mar-15,2108.1,385
23-Mar-15,2104.4,390.25
24-Mar-15,2091.5,393.25
25-Mar-15,2061.1,395
26-Mar-15,2056.2,391.25
27-Mar-15,2061,391
30-Mar-15,2086.2,394.5
31-Mar-15,2067.9,376.25
1-Apr-15,2059.7,381.75
2-Apr-15,2067,386.5
6-Apr-15,2080.6,385
7-Apr-15,2076.3,383
8-Apr-15,2081.9,379.25
9-Apr-15,2091.2,378
10-Apr-15,2102.1,377
13-Apr-15,2092.4,370.5
14-Apr-15,2095.8,373.5
15-Apr-15,2106.6,376
16-Apr-15,2105,376.25
17-Apr-15,2081.2,379.75
20-Apr-15,2100.4,378
21-Apr-15,2097.3,373
22-Apr-15,2108,372.5
23-Apr-15,2112.9,370.75
24-Apr-15,2117.7,364.5
27-Apr-15,2108.9,360.75
28-Apr-15,2114.8,361
29-Apr-15,2106.9,363.75
30-Apr-15,2085.5,362.5
1-May-15,2108.3,359.75
4-May-15,2114.5,358.75
5-May-15,2089.5,361.25
6-May-15,2080.2,366.5
7-May-15,2088,357.75
8-May-15,2116.1,358.5
11-May-15,2105.3,358.25
12-May-15,2099.1,357
13-May-15,2098.5,356
14-May-15,2121.1,361
15-May-15,2122.7,365.5
18-May-15,2129.2,368
19-May-15,2127.8,362
20-May-15,2125.9,360
21-May-15,2130.8,365
22-May-15,2126.1,360
26-May-15,2104.2,355
27-May-15,2123.5,349.5
28-May-15,2120.8,353.5
29-May-15,2107.4,351.5
1-Jun-15,2111.7,352.25
2-Jun-15,2109.6,359
3-Jun-15,2114.1,359
4-Jun-15,2095.8,363.5
5-Jun-15,2092.8,360.5
8-Jun-15,2079.3,365.25
9-Jun-15,2080.2,365
10-Jun-15,2105.2,357.25
11-Jun-15,2108.9,356.5
12-Jun-15,2094.1,353
15-Jun-15,2084.4,348.25
16-Jun-15,2096.3,354
17-Jun-15,2100.4,359.25
18-Jun-15,2121.2,358
19-Jun-15,2110,353.25
22-Jun-15,2122.9,360
23-Jun-15,2124.2,367.5
24-Jun-15,2108.6,366.5
25-Jun-15,2102.3,376.5
26-Jun-15,2101.5,385
29-Jun-15,2057.6,383.25
30-Jun-15,2063.1,414
1-Jul-15,2077.4,413.75
2-Jul-15,2076.8,419.75
6-Jul-15,2068.8,418.5
7-Jul-15,2081.3,415.75
8-Jul-15,2046.7,416.25
9-Jul-15,2051.3,421.25
10-Jul-15,2076.6,427.25
13-Jul-15,2099.6,433.5
14-Jul-15,2109,424
15-Jul-15,2107.4,429.5
16-Jul-15,2124.3,430
17-Jul-15,2126.6,420.25
20-Jul-15,2128.3,405
21-Jul-15,2119.2,406.5
22-Jul-15,2114.2,402.75
23-Jul-15,2102.2,403.25
24-Jul-15,2079.7,392.5
27-Jul-15,2067.6,373
28-Jul-15,2093.3,375
29-Jul-15,2108.6,367.75
30-Jul-15,2108.6,373.25
31-Jul-15,2103.8,371
3-Aug-15,2098,366.5
4-Aug-15,2093.3,368.75
5-Aug-15,2099.8,372.75
6-Aug-15,2083.6,369.75
7-Aug-15,2077.6,372.75
10-Aug-15,2104.2,390.25
11-Aug-15,2084.1,376.5
12-Aug-15,2086.1,357.25
13-Aug-15,2083.4,363.75
14-Aug-15,2091.5,364
17-Aug-15,2102.4,363.25
18-Aug-15,2096.9,366.25
19-Aug-15,2079.6,367.25
20-Aug-15,2035.7,371
21-Aug-15,1970.9,365.25
24-Aug-15,1893.2,368.75
25-Aug-15,1867.6,365.5
26-Aug-15,1940.5,361.75
27-Aug-15,1987.7,363.75
28-Aug-15,1988.9,363.25
31-Aug-15,1972.2,363.75
1-Sep-15,1913.9,356
2-Sep-15,1948.9,354
3-Sep-15,1951.1,347.75
4-Sep-15,1921.2,349.5
8-Sep-15,1969.4,355
9-Sep-15,1942,356.5
10-Sep-15,1952.3,361.75
11-Sep-15,1961.1,374.5
14-Sep-15,1953,379
15-Sep-15,1978.1,390.5
16-Sep-15,1995.3,386
17-Sep-15,1990.2,379.75
18-Sep-15,1958,377.25
21-Sep-15,1967,384.5
22-Sep-15,1942.7,380.5
23-Sep-15,1938.8,383.25
24-Sep-15,1932.2,381.5
25-Sep-15,1931.3,389
28-Sep-15,1881.8,386.75
29-Sep-15,1884.1,389
30-Sep-15,1920,387.75
1-Oct-15,1923.8,388.75
2-Oct-15,1951.4,389.25
5-Oct-15,1987.1,393.5
6-Oct-15,1979.9,398.25
7-Oct-15,1995.8,395.75
8-Oct-15,2013.4,391.25
9-Oct-15,2014.9,382.75
12-Oct-15,2017.5,380.75
13-Oct-15,2003.7,384.5
14-Oct-15,1994.2,379
15-Oct-15,2023.9,375.5
16-Oct-15,2033.1,376.75
19-Oct-15,2033.7,373
20-Oct-15,2030.8,376.75
21-Oct-15,2018.9,380.75
22-Oct-15,2052.5,378.25
23-Oct-15,2075.2,379.75
26-Oct-15,2071.2,384.5
27-Oct-15,2065.9,380
28-Oct-15,2090.4,376
29-Oct-15,2089.4,380
30-Oct-15,2079.4,382.25
2-Nov-15,2104.1,376.5
3-Nov-15,2109.8,380.5
4-Nov-15,2102.3,380.5
5-Nov-15,2099.9,374.5
6-Nov-15,2099.2,373
9-Nov-15,2078.6,366.75
10-Nov-15,2081.7,359
11-Nov-15,2075,362.25
12-Nov-15,2046,362
13-Nov-15,2023,358.25
16-Nov-15,2053.2,360
17-Nov-15,2050.4,362
18-Nov-15,2083.6,361.75
19-Nov-15,2081.2,364.25
20-Nov-15,2089.2,363.25
23-Nov-15,2086.6,367.25
24-Nov-15,2089.1,364.25
25-Nov-15,2088.9,366
27-Nov-15,2090.1,359.25
30-Nov-15,2080.4,365
1-Dec-15,2102.6,367
2-Dec-15,2079.5,364
3-Dec-15,2049.6,370.25
4-Dec-15,2091.7,376.25
7-Dec-15,2077.1,368.5
8-Dec-15,2063.6,370
9-Dec-15,2047.6,371.75
10-Dec-15,2052.2,377.25
11-Dec-15,2012.4,373
14-Dec-15,2021.9,381.75
15-Dec-15,2043.4,377.25
16-Dec-15,2073.1,369.75
17-Dec-15,2041.9,374.25
18-Dec-15,2005.6,374.5
21-Dec-15,2021.2,372
22-Dec-15,2039,366.25
23-Dec-15,2064.3,365.5
24-Dec-15,2061,364.5
28-Dec-15,2056.5,361
29-Dec-15,2078.4,362.5
30-Dec-15,2063.4,359
31-Dec-15,2043.9,358.75
4-Jan-16,2012.7,351.5
5-Jan-16,2016.7,353
6-Jan-16,1990.3,353.25
7-Jan-16,1943.1,353
8-Jan-16,1922,357
11-Jan-16,1923.7,351.75
12-Jan-16,1938.7,356.75
13-Jan-16,1890.3,358
14-Jan-16,1921.8,358
15-Jan-16,1880.3,363.25
19-Jan-16,1881.3,367.75
20-Jan-16,1859.3,368.75
21-Jan-16,1869,367
22-Jan-16,1906.9,370.25
25-Jan-16,1877.1,369.75
26-Jan-16,1903.6,369.25
27-Jan-16,1883,369.25
28-Jan-16,1893.4,365.5
29-Jan-16,1940.2,372
1-Feb-16,1939.4,371.25
2-Feb-16,1903,372.5
3-Feb-16,1912.5,371
4-Feb-16,1915.5,368.5
5-Feb-16,1880.1,365.75
8-Feb-16,1853.4,362.25
9-Feb-16,1852.2,361
10-Feb-16,1851.9,360.25
11-Feb-16,1829.1,360.25
12-Feb-16,1864.8,358.75
16-Feb-16,1895.6,363
17-Feb-16,1926.8,367.25
18-Feb-16,1917.8,365.5
19-Feb-16,1917.8,365.5
22-Feb-16,1945.5,367.5
23-Feb-16,1921.3,362
24-Feb-16,1929.8,359.75
25-Feb-16,1951.7,355.5
26-Feb-16,1948.1,354.5
29-Feb-16,1932.2,353.5
1-Mar-16,1978.4,353.75
2-Mar-16,1986.5,354.5
3-Mar-16,1993.4,353.75
4-Mar-16,2000,354.5
7-Mar-16,2001.8,355
8-Mar-16,1979.3,358.75
9-Mar-16,1989.3,359
10-Mar-16,1989.6,362.5
11-Mar-16,2022.2,366
14-Mar-16,2019.6,366.75
15-Mar-16,2015.9,368.5
16-Mar-16,2027.2,368.25
17-Mar-16,2040.6,368.5
18-Mar-16,2049.6,367
21-Mar-16,2051.6,369.5
22-Mar-16,2049.8,370
23-Mar-16,2036.7,368.5
24-Mar-16,2035.9,370
28-Mar-16,2037.1,370.5
29-Mar-16,2055,373
30-Mar-16,2064,367
31-Mar-16,2059.7,351.5
1-Apr-16,2072.8,354
4-Apr-16,2066.1,354.5
5-Apr-16,2045.2,356.75
6-Apr-16,2066.7,358
7-Apr-16,2041.9,361.5
8-Apr-16,2047.6,362.25
11-Apr-16,2042,356.75
12-Apr-16,2061.7,362.75
13-Apr-16,2082.4,373.5
14-Apr-16,2082.8,374
15-Apr-16,2080.7,378.5
18-Apr-16,2094.3,381
19-Apr-16,2100.8,384.5
20-Apr-16,2102.4,394.75
21-Apr-16,2091.5,384.5
22-Apr-16,2091.6,371.75
25-Apr-16,2087.8,377
26-Apr-16,2091.7,382.25
27-Apr-16,2095.2,380.75
28-Apr-16,2075.8,387
29-Apr-16,2065.3,390.25
2-May-16,2081.4,390.25
3-May-16,2063.4,378.25
4-May-16,2051.1,373.25
5-May-16,2050.6,371.75
6-May-16,2057.1,376
9-May-16,2058.7,367.75
10-May-16,2084.4,378.5
11-May-16,2064.5,374
12-May-16,2064.1,385.25
13-May-16,2046.6,382
16-May-16,2066.7,394
17-May-16,2047.2,397
18-May-16,2047.6,399.5
19-May-16,2040,390
20-May-16,2052.3,394.5
23-May-16,2048,397.75
24-May-16,2076.1,397.5
25-May-16,2090.5,404.75
26-May-16,2090.1,408.25
27-May-16,2099.1,412.75
31-May-16,2097,404.75
1-Jun-16,2099.3,413.75
2-Jun-16,2105.3,415.25
3-Jun-16,2099.1,418.25
6-Jun-16,2109.4,427.25
7-Jun-16,2112.1,427.75
8-Jun-16,2119.1,431.25
9-Jun-16,2115.5,426.5
10-Jun-16,2096.1,423
13-Jun-16,2079.1,430
14-Jun-16,2075.3,436.5
15-Jun-16,2071.5,429
16-Jun-16,2078,425.25
17-Jun-16,2071.2,437.75
20-Jun-16,2083.3,421.25
21-Jun-16,2088.9,396.25
22-Jun-16,2085.5,393
23-Jun-16,2113.3,387.25
24-Jun-16,2037.4,384.5
27-Jun-16,2000.5,385.25
28-Jun-16,2036.1,385.25
29-Jun-16,2070.8,372.75
30-Jun-16,2098.9,358.75
1-Jul-16,2103,353
5-Jul-16,2088.6,344
6-Jul-16,2099.7,335.75
7-Jul-16,2097.9,335.5
8-Jul-16,2129.9,349.75
11-Jul-16,2137.2,343.75
12-Jul-16,2152.1,349.75
13-Jul-16,2152.4,365.75
14-Jul-16,2163.8,362.25
15-Jul-16,2161.7,352.25
18-Jul-16,2166.9,357
19-Jul-16,2163.8,341.75
20-Jul-16,2173,337.5
21-Jul-16,2165.2,334.25
22-Jul-16,2175,335
25-Jul-16,2168.5,334.75
26-Jul-16,2169.2,332.5
27-Jul-16,2166.6,335.75
28-Jul-16,2170.1,331.25
29-Jul-16,2173.6,334.5
1-Aug-16,2170.8,325.75
2-Aug-16,2157,324.25
3-Aug-16,2163.8,325
4-Aug-16,2164.3,320.75
5-Aug-16,2182.9,324.25
8-Aug-16,2180.9,325.25
9-Aug-16,2181.7,322.25
10-Aug-16,2175.5,322.5
11-Aug-16,2185.8,321
12-Aug-16,2184.1,322.25
15-Aug-16,2190.2,326.5
16-Aug-16,2178.2,327.5
17-Aug-16,2182.2,330.25
18-Aug-16,2187,332
19-Aug-16,2183.9,334.25
22-Aug-16,2182.6,333.25
23-Aug-16,2186.9,328.5
24-Aug-16,2175.4,327.5
25-Aug-16,2172.5,323.5
26-Aug-16,2169,316.25
29-Aug-16,2180.4,311.75
30-Aug-16,2176.1,304
31-Aug-16,2171,301.5
1-Sep-16,2170.9,311
2-Sep-16,2180,316.5
6-Sep-16,2186.5,316.75
7-Sep-16,2186.2,321
8-Sep-16,2181.3,327
9-Sep-16,2127.8,330
12-Sep-16,2159,329.25
13-Sep-16,2127,319.25
14-Sep-16,2125.8,322.25
15-Sep-16,2147.3,330
16-Sep-16,2139.2,337
19-Sep-16,2139.1,337.25
20-Sep-16,2139.8,340.5
21-Sep-16,2163.1,340
22-Sep-16,2177.2,336.75
23-Sep-16,2164.7,336.5
26-Sep-16,2146.1,329
27-Sep-16,2159.9,331.75
28-Sep-16,2171.4,329.25
29-Sep-16,2151.1,329.25
30-Sep-16,2168.3,336.75
3-Oct-16,2161.2,346
4-Oct-16,2150.5,348.25
5-Oct-16,2159.7,347.75
6-Oct-16,2160.8,340.5
7-Oct-16,2153.7,339.75
10-Oct-16,2163.7,343.25
11-Oct-16,2136.7,345.5
12-Oct-16,2139.2,337
13-Oct-16,2132.6,349.5
14-Oct-16,2133,354.25
17-Oct-16,2126.5,354
18-Oct-16,2139.6,353.75
19-Oct-16,2144.3,357.5
20-Oct-16,2141.3,351
21-Oct-16,2141.2,352.5
24-Oct-16,2151.3,348.25
25-Oct-16,2143.2,349.25
26-Oct-16,2139.4,354
27-Oct-16,2133,357.5
28-Oct-16,2126.4,355
31-Oct-16,2126.2,354.75
1-Nov-16,2111.7,349
2-Nov-16,2097.9,346.25
3-Nov-16,2088.7,348
4-Nov-16,2085.2,348.75
7-Nov-16,2131.5,346.25
8-Nov-16,2139.6,354.25
9-Nov-16,2163.3,340.75
10-Nov-16,2167.5,343.5
11-Nov-16,2164.5,340.25
14-Nov-16,2164.2,337.25
15-Nov-16,2180.4,341.5
16-Nov-16,2176.9,338.5
17-Nov-16,2187.1,342
18-Nov-16,2181.9,345.5
21-Nov-16,2198.2,349.75
22-Nov-16,2202.9,351
23-Nov-16,2204.7,350.75
25-Nov-16,2213.4,349.25
28-Nov-16,2201.7,348.5
29-Nov-16,2204.7,336.75
30-Nov-16,2198.8,336.75
1-Dec-16,2191.1,331.75
2-Dec-16,2192,337.5
5-Dec-16,2204.7,349.5
6-Dec-16,2212.2,351
7-Dec-16,2241.4,350.5
8-Dec-16,2246.2,346.5
9-Dec-16,2259.5,352.5
12-Dec-16,2257,354.5
13-Dec-16,2271.7,356.25
14-Dec-16,2253.3,351.75
15-Dec-16,2262,356.5
16-Dec-16,2258.1,356.25
19-Dec-16,2262.5,353.25
20-Dec-16,2270.8,350.25
21-Dec-16,2265.2,347.25
22-Dec-16,2261,347.25
23-Dec-16,2263.8,345.75
27-Dec-16,2268.9,355
28-Dec-16,2249.9,348.25
29-Dec-16,2249.3,349.75
30-Dec-16,2238.8,352
3-Jan-17,2257.8,355.75
4-Jan-17,2270.8,359.75
5-Jan-17,2269,361.25
6-Jan-17,2277,358
9-Jan-17,2268.9,360
10-Jan-17,2268.9,358.25
11-Jan-17,2275.3,357.25
12-Jan-17,2270.4,358.25
13-Jan-17,2274.6,358.5
17-Jan-17,2267.9,365.5
18-Jan-17,2271.9,365
19-Jan-17,2263.7,366.25
20-Jan-17,2271.3,369.75
23-Jan-17,2265.2,369.5
24-Jan-17,2280.1,363.25
25-Jan-17,2298.4,366.25
26-Jan-17,2296.7,363.75
27-Jan-17,2294.7,362.5
30-Jan-17,2280.9,357.75
31-Jan-17,2278.9,359.75
1-Feb-17,2279.6,368.25
2-Feb-17,2280.9,367.5
3-Feb-17,2297.4,365.25
6-Feb-17,2292.6,363.75
7-Feb-17,2293.1,368.5
8-Feb-17,2294.7,370.75
9-Feb-17,2307.9,369.5
10-Feb-17,2316.1,374.5
13-Feb-17,2328.3,375.5
14-Feb-17,2337.6,374.25
15-Feb-17,2349.3,378.75
16-Feb-17,2347.2,373.5
17-Feb-17,2351.2,368.25
21-Feb-17,2365.4,369.25
22-Feb-17,2362.8,371
23-Feb-17,2363.8,365.5
24-Feb-17,2367.3,364
27-Feb-17,2369.8,360.25
28-Feb-17,2363.6,366.75
1-Mar-17,2396,375.75
2-Mar-17,2381.9,372.75
3-Mar-17,2383.1,374.75
6-Mar-17,2375.3,372.75
7-Mar-17,2368.4,369.5
8-Mar-17,2363,365.25
9-Mar-17,2364.9,359.75
10-Mar-17,2372.6,358
13-Mar-17,2373.5,354.5
14-Mar-17,2365.5,353.75
15-Mar-17,2385.3,363.5
16-Mar-17,2381.4,366
17-Mar-17,2378.3,367.5
20-Mar-17,2373.5,363.5
21-Mar-17,2344,361.25
22-Mar-17,2348.5,358.75
23-Mar-17,2346,356.75
24-Mar-17,2344,356.25
27-Mar-17,2341.6,355.75
28-Mar-17,2358.6,357.75
29-Mar-17,2361.1,358.5
30-Mar-17,2368.1,357.5
31-Mar-17,2362.7,364.25
3-Apr-17,2358.8,367.75
4-Apr-17,2360.2,363
5-Apr-17,2353,364.75
6-Apr-17,2357.5,360.75
7-Apr-17,2355.5,359.5
10-Apr-17,2357.2,367
11-Apr-17,2353.8,366.5
12-Apr-17,2344.9,369
13-Apr-17,2329,371
17-Apr-17,2349,366.5
18-Apr-17,2342.2,361.75
19-Apr-17,2338.2,361.75
20-Apr-17,2355.8,357.75
21-Apr-17,2348.7,357
24-Apr-17,2374.2,359.25
25-Apr-17,2388.6,365
26-Apr-17,2387.5,359
27-Apr-17,2388.8,362
28-Apr-17,2384.2,358
1-May-17,2388.3,369.25
2-May-17,2391.2,364
3-May-17,2388.1,366.25
4-May-17,2389.5,358
5-May-17,2399.3,361.75
8-May-17,2399.4,356.75
9-May-17,2396.9,358.25
10-May-17,2399.6,365.25
11-May-17,2394.4,360.5
12-May-17,2390.9,361.75
15-May-17,2402.3,367.75
16-May-17,2400.7,367.75
17-May-17,2357,371.5
18-May-17,2365.7,366
19-May-17,2381.7,372.5
22-May-17,2394,375
23-May-17,2398.4,369.5
24-May-17,2404.4,371.25
25-May-17,2415.1,369.25
26-May-17,2415.8,374.25
30-May-17,2412.9,367
31-May-17,2411.8,372
1-Jun-17,2430.1,370.5
2-Jun-17,2439.1,372.75
5-Jun-17,2436.1,373
6-Jun-17,2429.3,377.25
7-Jun-17,2433.1,384.75
8-Jun-17,2433.8,385.75
9-Jun-17,2431.8,387.75
12-Jun-17,2429.4,377.25
13-Jun-17,2440.4,381
14-Jun-17,2437.9,377
15-Jun-17,2432.5,379.5
16-Jun-17,2433.2,384
19-Jun-17,2453.5,375.25
20-Jun-17,2437,370
21-Jun-17,2435.6,368.75
22-Jun-17,2434.5,362.75
23-Jun-17,2438.3,357.75
26-Jun-17,2439.1,359
27-Jun-17,2419.4,359.25
28-Jun-17,2440.7,356.75
29-Jun-17,2419.7,359.75
30-Jun-17,2423.4,370.5
3-Jul-17,2429,378
5-Jul-17,2432.5,381.75
6-Jul-17,2409.8,380.25
7-Jul-17,2425.2,382.25
10-Jul-17,2427.4,391.75
11-Jul-17,2425.5,392.25
12-Jul-17,2443.3,376.25
13-Jul-17,2447.8,361
14-Jul-17,2459.3,365.25
17-Jul-17,2459.1,375
18-Jul-17,2460.6,377
19-Jul-17,2473.8,382.5
20-Jul-17,2473.5,391
21-Jul-17,2472.5,379.75
24-Jul-17,2469.9,377.25
25-Jul-17,2477.1,368.75
26-Jul-17,2477.8,372.75
27-Jul-17,2475.4,374.25
28-Jul-17,2472.1,374.25
31-Jul-17,2470.3,370.75
1-Aug-17,2476.4,362.5
2-Aug-17,2477.6,365
3-Aug-17,2472.2,363.5
4-Aug-17,2476.8,366.5
7-Aug-17,2480.9,372.25
8-Aug-17,2474.9,369.75
9-Aug-17,2474,372.25
10-Aug-17,2438.2,357.25
11-Aug-17,2441.3,360.75
14-Aug-17,2465.8,362.75
15-Aug-17,2464.6,355.25
16-Aug-17,2468.1,352.5
17-Aug-17,2430,350.5
18-Aug-17,2425.6,352
21-Aug-17,2428.4,349
22-Aug-17,2452.5,346
23-Aug-17,2444,342
24-Aug-17,2439,342
25-Aug-17,2443.1,338.75
28-Aug-17,2444.2,336
29-Aug-17,2446.3,333.5
30-Aug-17,2457.6,329.5
31-Aug-17,2471.7,342.25
1-Sep-17,2476.6,340
5-Sep-17,2457.9,344.25
6-Sep-17,2465.5,347
7-Sep-17,2465.1,341.75
8-Sep-17,2461.4,344.25
11-Sep-17,2488.1,345.5
12-Sep-17,2496.5,340
13-Sep-17,2498.4,338.5
14-Sep-17,2495.6,341.75
15-Sep-17,2500.2,354.75
18-Sep-17,2503.9,351.5
19-Sep-17,2506.7,348.25
20-Sep-17,2508.2,350
21-Sep-17,2500.6,350.25
22-Sep-17,2502.2,353.5
25-Sep-17,2496.7,353.75
26-Sep-17,2496.8,352.25
27-Sep-17,2507,354
28-Sep-17,2510.1,352.5
29-Sep-17,2519.4,355.25
2-Oct-17,2529.1,351.5
3-Oct-17,2534.6,349.5
4-Oct-17,2537.7,348.25
5-Oct-17,2552.1,349.5
6-Oct-17,2549.3,350
9-Oct-17,2544.7,349.5
10-Oct-17,2550.6,349.25
11-Oct-17,2555.2,346
12-Oct-17,2550.9,349
13-Oct-17,2553.2,352.75
16-Oct-17,2557.6,350.5
17-Oct-17,2559.4,350
18-Oct-17,2561.3,348.5
19-Oct-17,2562.1,349
20-Oct-17,2575.2,344.5
23-Oct-17,2565,351.25
24-Oct-17,2569.1,352.75
25-Oct-17,2557.2,351
26-Oct-17,2560.4,350.5
27-Oct-17,2581.1,348.75
30-Oct-17,2572.8,348.75
31-Oct-17,2575.3,345.75
1-Nov-17,2579.4,348.25
2-Nov-17,2579.9,350.5
3-Nov-17,2587.8,348.25
6-Nov-17,2591.1,348
7-Nov-17,2590.6,347.75
8-Nov-17,2594.4,348.25
9-Nov-17,2584.6,341.5
10-Nov-17,2582.3,343.5
13-Nov-17,2584.8,342.25
14-Nov-17,2578.9,337.5
15-Nov-17,2564.6,338.25
16-Nov-17,2585.6,336.5
17-Nov-17,2578.9,343
20-Nov-17,2582.1,345
21-Nov-17,2599,345
22-Nov-17,2597.1,345.25
24-Nov-17,2602.4,342.25
27-Nov-17,2601.4,338.75
28-Nov-17,2627,336.25
29-Nov-17,2626.1,339
30-Nov-17,2647.6,341.75
1-Dec-17,2642.2,344.75
4-Dec-17,2639.4,339.5
5-Dec-17,2629.6,339.75
6-Dec-17,2629.3,339.25
7-Dec-17,2637,338.75
8-Dec-17,2651.5,340
11-Dec-17,2660,336.5
12-Dec-17,2664.1,335.75
13-Dec-17,2662.9,336.75
14-Dec-17,2652,336.25
15-Dec-17,2675.8,347.5
18-Dec-17,2690.2,347
19-Dec-17,2681.5,347.5
20-Dec-17,2679.3,349.25
21-Dec-17,2684.6,351.25
22-Dec-17,2683.3,352
26-Dec-17,2680.5,352.75
27-Dec-17,2682.6,353.75
28-Dec-17,2687.5,352
29-Dec-17,2673.6,350.75
2-Jan-18,2695.8,353.25
3-Jan-18,2713.1,353
4-Jan-18,2724,351
5-Jan-18,2743.2,351.25
8-Jan-18,2747.7,347.25
9-Jan-18,2751.3,349
10-Jan-18,2748.2,349
11-Jan-18,2767.6,348.75
12-Jan-18,2786.2,346.25
16-Jan-18,2776.4,348.25
17-Jan-18,2802.6,353
18-Jan-18,2798,351.5
19-Jan-18,2810.3,352.5
22-Jan-18,2833,352
23-Jan-18,2839.1,351.25
24-Jan-18,2837.5,356.5
25-Jan-18,2839.3,355.25
26-Jan-18,2872.9,356.5
29-Jan-18,2853.5,358.75
30-Jan-18,2822.4,361.5
31-Jan-18,2823.8,361.5
1-Feb-18,2822,361.75
2-Feb-18,2762.1,361.5
5-Feb-18,2648.9,358.75
6-Feb-18,2695.1,363.5
7-Feb-18,2681.7,365.25
8-Feb-18,2581,365.75
9-Feb-18,2619.6,362
12-Feb-18,2656,367
13-Feb-18,2662.9,366.75
14-Feb-18,2698.6,367.25
15-Feb-18,2731.2,367.75
16-Feb-18,2732.2,367.5
20-Feb-18,2716.3,365.5
21-Feb-18,2701.3,365.75
22-Feb-18,2704,366.75
23-Feb-18,2747.3,366.25
26-Feb-18,2779.6,368.5
27-Feb-18,2744.3,370.5
28-Feb-18,2713.8,374.5
1-Mar-18,2677.7,378.75
2-Mar-18,2691.3,377.25
5-Mar-18,2720.9,378.25
6-Mar-18,2728.1,379.75
7-Mar-18,2726.8,379.25
8-Mar-18,2739,385.75
9-Mar-18,2786.6,383
12-Mar-18,2783,384.25
13-Mar-18,2765.3,385.5
14-Mar-18,2749.5,383.5
15-Mar-18,2747.3,386.75
16-Mar-18,2752,382.75
19-Mar-18,2712.9,375
20-Mar-18,2716.9,374.5
21-Mar-18,2711.9,375
22-Mar-18,2643.7,376
23-Mar-18,2588.3,377.25
26-Mar-18,2658.6,374
27-Mar-18,2612.6,374
28-Mar-18,2605,373.5
29-Mar-18,2640.9,387.75
2-Apr-18,2581.9,387.25
3-Apr-18,2614.5,388.5
4-Apr-18,2644.7,381
5-Apr-18,2662.8,389.5
6-Apr-18,2604.5,388.5
9-Apr-18,2613.2,390.75
10-Apr-18,2656.9,389.25
11-Apr-18,2642.2,387
12-Apr-18,2664,388.75
13-Apr-18,2656.3,386.25
16-Apr-18,2677.8,382.5
17-Apr-18,2706.4,380.25
18-Apr-18,2708.6,383
19-Apr-18,2693.1,382
20-Apr-18,2670.1,376.5
23-Apr-18,2670.3,378.5
24-Apr-18,2634.6,381.25
25-Apr-18,2639.4,386.5
26-Apr-18,2666.9,386
27-Apr-18,2669.9,389.5
30-Apr-18,2648.1,392.5
1-May-18,2654.8,396.75
2-May-18,2635.7,396
3-May-18,2629.7,399.5
4-May-18,2663.4,398.75
7-May-18,2672.6,393.25
8-May-18,2671.9,395.5
9-May-18,2697.8,394.75
10-May-18,2723.1,394.75
11-May-18,2727.7,389.75
14-May-18,2730.1,389
15-May-18,2711.5,402.25
16-May-18,2722.5,399.25
17-May-18,2720.1,395.25
18-May-18,2713,402.5
21-May-18,2733,402.75
22-May-18,2724.4,404.75
23-May-18,2733.3,408.5
24-May-18,2727.8,404.25
25-May-18,2721.3,406
29-May-18,2689.9,400
30-May-18,2724,393.5
31-May-18,2705.3,394
1-Jun-18,2734.6,391.5
4-Jun-18,2746.9,380.75
5-Jun-18,2748.8,383.75
6-Jun-18,2772.4,378.25
7-Jun-18,2770.4,376.25
8-Jun-18,2779,377.75
11-Jun-18,2782,367.25
12-Jun-18,2786.9,377.5
13-Jun-18,2775.6,376
14-Jun-18,2782.5,363
15-Jun-18,2779.7,361.25
18-Jun-18,2773.8,356
19-Jun-18,2762.6,353.75
20-Jun-18,2767.3,354.25
21-Jun-18,2749.8,357
22-Jun-18,2754.9,357.25
25-Jun-18,2717.1,350.5
26-Jun-18,2723.1,352.5
27-Jun-18,2699.6,352.5
28-Jun-18,2716.3,345
29-Jun-18,2718.4,350.25
2-Jul-18,2726.7,337.5
3-Jul-18,2713.2,342.75
5-Jul-18,2736.6,343.5
6-Jul-18,2759.8,351.75
9-Jul-18,2784.2,345.75
10-Jul-18,2793.8,339.75
11-Jul-18,2774,331.25
12-Jul-18,2798.3,336.5
13-Jul-18,2801.3,330.25
16-Jul-18,2798.4,341.75
17-Jul-18,2809.6,346.25
18-Jul-18,2815.6,347.25
19-Jul-18,2804.5,351.25
20-Jul-18,2801.8,355.25
23-Jul-18,2807,357.25
24-Jul-18,2820.4,352
25-Jul-18,2846.1,359.25
26-Jul-18,2837.4,361.5
27-Jul-18,2818.8,362
30-Jul-18,2802.6,367.25
31-Jul-18,2816.3,372.25
1-Aug-18,2813.4,365
2-Aug-18,2827.2,366.75
3-Aug-18,2840.4,369.75
6-Aug-18,2850.4,371
7-Aug-18,2858.5,370.75
8-Aug-18,2857.7,371.25
9-Aug-18,2853.6,369.25
10-Aug-18,2833.3,357.75
13-Aug-18,2821.9,356.5
14-Aug-18,2840,362.25
15-Aug-18,2818.4,361.5
16-Aug-18,2840.7,365.25
17-Aug-18,2850.1,364.25
20-Aug-18,2857.1,362
21-Aug-18,2863,359.75
22-Aug-18,2861.8,352.5
23-Aug-18,2857,346.75
24-Aug-18,2874.7,348.5
27-Aug-18,2896.7,346.75
28-Aug-18,2897.5,341
29-Aug-18,2914,341.25
30-Aug-18,2901.1,341
31-Aug-18,2901.5,351
4-Sep-18,2896.7,354.5
5-Sep-18,2888.6,351.75
6-Sep-18,2878.1,353.5
7-Sep-18,2871.7,354.25
10-Sep-18,2877.1,355.5
11-Sep-18,2887.9,355.25
12-Sep-18,2888.9,341.5
13-Sep-18,2904.2,336.25
14-Sep-18,2905,337
17-Sep-18,2888.8,348
18-Sep-18,2904.3,343.25
19-Sep-18,2908,345.75
20-Sep-18,2930.8,352.5
21-Sep-18,2929.7,357.25
24-Sep-18,2919.4,360.5
25-Sep-18,2915.6,363.75
26-Sep-18,2906,363
27-Sep-18,2914,364.75
28-Sep-18,2914,356.25
1-Oct-18,2924.6,365.75
2-Oct-18,2923.4,367.5
3-Oct-18,2925.5,364.75
4-Oct-18,2901.6,367.5
5-Oct-18,2885.6,368.25
8-Oct-18,2884.4,366.5
9-Oct-18,2880.3,364.5
10-Oct-18,2785.7,362.75
11-Oct-18,2728.4,369.25
12-Oct-18,2767.1,373.75
15-Oct-18,2750.8,378.25
16-Oct-18,2809.9,375.25
17-Oct-18,2809.2,374.25
18-Oct-18,2768.8,370.75
19-Oct-18,2767.8,367
22-Oct-18,2755.9,369.5
23-Oct-18,2740.7,370.25
24-Oct-18,2656.1,368.25
25-Oct-18,2705.6,361
26-Oct-18,2658.7,367.75
29-Oct-18,2641.3,366.75
30-Oct-18,2682.6,364.75
31-Oct-18,2711.7,363.25
1-Nov-18,2740.4,366.75
2-Nov-18,2723.1,371.25
5-Nov-18,2738.3,374
6-Nov-18,2755.5,373.25
7-Nov-18,2813.9,372.25
8-Nov-18,2806.8,373.5
9-Nov-18,2781,369.75
12-Nov-18,2726.2,371.25
13-Nov-18,2722.2,366.5
14-Nov-18,2701.6,367
15-Nov-18,2730.2,367.5
16-Nov-18,2736.3,364.75
19-Nov-18,2690.7,362.25
20-Nov-18,2641.9,361.25
21-Nov-18,2649.9,361.75
23-Nov-18,2632.6,359
26-Nov-18,2673.5,356
27-Nov-18,2682.2,356.5
28-Nov-18,2743.8,360.5
29-Nov-18,2737.8,360.25
30-Nov-18,2760.2,366.5
3-Dec-18,2790.4,371.25
4-Dec-18,2700.1,374.25
6-Dec-18,2696,372
7-Dec-18,2633.1,374
10-Dec-18,2637.7,374.25
11-Dec-18,2636.8,375
12-Dec-18,2651.1,376.25
13-Dec-18,2650.5,375.5
14-Dec-18,2600,376.75
17-Dec-18,2545.9,384
18-Dec-18,2546.2,385.5
19-Dec-18,2507,381.75
20-Dec-18,2467.4,375.25
21-Dec-18,2416.6,378.5
24-Dec-18,2351.1,377.75
26-Dec-18,2467.7,373.25
27-Dec-18,2488.8,374.5
28-Dec-18,2485.7,375.5
31-Dec-18,2506.9,375
2-Jan-19,2510,375.75
3-Jan-19,2447.9,379.75
4-Jan-19,2531.9,383
7-Jan-19,2549.7,382.25
8-Jan-19,2574.4,380
9-Jan-19,2585,382
10-Jan-19,2596.6,376.25
11-Jan-19,2596.3,378.25
14-Jan-19,2582.6,378.5
15-Jan-19,2610.3,371.25
16-Jan-19,2616.1,374
17-Jan-19,2636,380
18-Jan-19,2670.7,381.75
22-Jan-19,2632.9,379
23-Jan-19,2638.7,378.75
24-Jan-19,2642.3,377
25-Jan-19,2664.8,380.25
28-Jan-19,2643.9,379.75
29-Jan-19,2640,377.25
30-Jan-19,2681.1,381.25
31-Jan-19,2704.1,376.5
1-Feb-19,2706.5,378.25
4-Feb-19,2724.9,379.25
5-Feb-19,2737.7,380.75
6-Feb-19,2731.6,380
7-Feb-19,2706.1,376.5
8-Feb-19,2707.9,374.25
11-Feb-19,2709.8,372.75
12-Feb-19,2744.7,378.25
13-Feb-19,2753,378.75
14-Feb-19,2745.7,374.75
15-Feb-19,2775.6,374.75
19-Feb-19,2779.8,369.75
20-Feb-19,2784.7,370.75
21-Feb-19,2774.9,375.5
22-Feb-19,2792.7,375.25
25-Feb-19,2796.1,370.5
26-Feb-19,2793.9,366.25
27-Feb-19,2792.4,363.75
28-Feb-19,2784.5,362
1-Mar-19,2803.7,364
4-Mar-19,2792.8,365
5-Mar-19,2789.7,366
6-Mar-19,2771.5,362.5
7-Mar-19,2748.9,356
8-Mar-19,2743.1,354.75
11-Mar-19,2783.3,352.5
12-Mar-19,2791.5,356.5
13-Mar-19,2810.9,357.25
14-Mar-19,2808.5,361.5
15-Mar-19,2822.5,373.25
18-Mar-19,2832.9,371.5
19-Mar-19,2832.6,371.25
20-Mar-19,2824.2,371.5
21-Mar-19,2854.9,376.25
22-Mar-19,2800.7,378.25
25-Mar-19,2798.4,379.75
26-Mar-19,2818.5,377.25
27-Mar-19,2805.4,373.75
28-Mar-19,2815.4,374
29-Mar-19,2834.4,356.5
1-Apr-19,2867.2,361.75
2-Apr-19,2867.2,361.5
3-Apr-19,2873.4,362.75
4-Apr-19,2879.4,365.25
5-Apr-19,2892.7,362.5
8-Apr-19,2895.8,360
9-Apr-19,2878.2,360
10-Apr-19,2888.2,361.75
11-Apr-19,2888.3,360
12-Apr-19,2907.4,361
15-Apr-19,2905.6,362.75
16-Apr-19,2907.1,359
17-Apr-19,2900.5,358.25
18-Apr-19,2905,358.5
22-Apr-19,2908,354.75
23-Apr-19,2933.7,351.25
24-Apr-19,2927.3,346.75
25-Apr-19,2926.2,347.5
26-Apr-19,2939.9,351.25
29-Apr-19,2943,352
30-Apr-19,2945.8,353.25
1-May-19,2923.7,360
2-May-19,2917.5,362
3-May-19,2945.6,363
6-May-19,2932.5,355.75
7-May-19,2884.1,358
8-May-19,2879.4,355.25
9-May-19,2870.7,344.5
10-May-19,2881.4,342.5
13-May-19,2811.9,347.5
14-May-19,2834.4,360.5
15-May-19,2851,369.5
16-May-19,2876.3,379
17-May-19,2859.5,383.25
20-May-19,2840.2,389
21-May-19,2864.4,394.25
22-May-19,2856.3,394.5
23-May-19,2822.2,389.75
24-May-19,2826.1,404.25
28-May-19,2802.4,420.25
29-May-19,2783,418.75
30-May-19,2788.9,436.25
31-May-19,2752.1,427
3-Jun-19,2744.5,424.25
4-Jun-19,2803.3,425.25
5-Jun-19,2826.2,414.75
6-Jun-19,2843.5,420.5
7-Jun-19,2873.3,415.75
10-Jun-19,2886.7,415.75
11-Jun-19,2885.7,427.75
12-Jun-19,2879.8,430
13-Jun-19,2891.6,442
14-Jun-19,2887,453
17-Jun-19,2889.7,454.75
18-Jun-19,2917.8,449.75
19-Jun-19,2926.5,441
20-Jun-19,2954.2,450
21-Jun-19,2950.5,442.25
24-Jun-19,2945.4,446.75
25-Jun-19,2917.4,447.5
26-Jun-19,2913.8,443.25
27-Jun-19,2924.9,440
28-Jun-19,2941.8,420.25
1-Jul-19,2964.3,412
2-Jul-19,2973,413.5
3-Jul-19,2995.8,433
5-Jul-19,2990.4,434
8-Jul-19,2976,438.5
9-Jul-19,2979.6,431.75
10-Jul-19,2993.1,434.25
11-Jul-19,2999.9,447.75
12-Jul-19,3013.8,449.5
15-Jul-19,3014.3,441
16-Jul-19,3004,435.25
17-Jul-19,2984.4,436
18-Jul-19,2995.1,424.5
19-Jul-19,2976.6,430.75
22-Jul-19,2985,422.25
23-Jul-19,3005.5,425.5
24-Jul-19,3019.6,424
25-Jul-19,3003.7,418.5
26-Jul-19,3025.9,414.5
29-Jul-19,3021,417
30-Jul-19,3013.2,411.25
31-Jul-19,2980.4,400.25
1-Aug-19,2953.6,392.75
2-Aug-19,2932.1,399.5
5-Aug-19,2844.7,405.25
6-Aug-19,2881.8,404
7-Aug-19,2884,406.5
8-Aug-19,2938.1,411
9-Aug-19,2918.7,410.25
12-Aug-19,2883.8,385.25
13-Aug-19,2926.3,366
14-Aug-19,2840.6,359
15-Aug-19,2847.6,360.75
16-Aug-19,2888.7,371
19-Aug-19,2923.7,365
20-Aug-19,2900.5,359.5
21-Aug-19,2924.4,362.5
22-Aug-19,2923,363.25
23-Aug-19,2847.1,359.75
26-Aug-19,2878.4,358.5
27-Aug-19,2869.2,357
28-Aug-19,2887.9,362.75
29-Aug-19,2924.6,359.75
30-Aug-19,2926.5,358
3-Sep-19,2906.3,349.75
4-Sep-19,2937.8,346
5-Sep-19,2976,346.5
6-Sep-19,2978.7,342.5
9-Sep-19,2978.4,340.75
10-Sep-19,2979.4,348.5
11-Sep-19,3000.9,348.25
12-Sep-19,3009.6,354.5
13-Sep-19,3007.4,355.5
16-Sep-19,2998,374
17-Sep-19,3005.7,368
18-Sep-19,3006.7,371.25
19-Sep-19,3006.8,372.75
20-Sep-19,2992.1,370.75
23-Sep-19,2991.8,373.25
24-Sep-19,2966.6,374.75
25-Sep-19,2984.9,374.25
26-Sep-19,2977.6,372.5
27-Sep-19,2961.8,371.5
30-Sep-19,2976.7,388
1-Oct-19,2940.3,392.5
2-Oct-19,2887.6,387.75
3-Oct-19,2910.6,388.75
4-Oct-19,2952,384.75
7-Oct-19,2938.8,387
8-Oct-19,2893.1,395.75
9-Oct-19,2919.4,394.25
10-Oct-19,2938.1,380.25
11-Oct-19,2970.3,397.75
14-Oct-19,2966.2,397.75
15-Oct-19,2995.7,393.25
16-Oct-19,2989.7,391.75
17-Oct-19,2998,394.75
18-Oct-19,2986.2,391
21-Oct-19,3006.7,387.25
22-Oct-19,2996,388
23-Oct-19,3004.5,387.75
24-Oct-19,3010.3,386.75
25-Oct-19,3022.6,386.75
28-Oct-19,3039.4,384
29-Oct-19,3036.9,386.25
30-Oct-19,3046.8,390.75
31-Oct-19,3037.6,390
1-Nov-19,3066.9,389.25
4-Nov-19,3078.3,383.25
5-Nov-19,3074.6,381.75
6-Nov-19,3076.8,378.75
7-Nov-19,3085.2,375.25
8-Nov-19,3093.1,377.25
11-Nov-19,3087,373.25
12-Nov-19,3091.8,377.75
13-Nov-19,3094,375.25
14-Nov-19,3096.6,375.75
15-Nov-19,3120.5,371.25
18-Nov-19,3122,367.75
19-Nov-19,3120.2,370
20-Nov-19,3108.5,366.75
21-Nov-19,3103.5,368.5
22-Nov-19,3110.3,368.75
25-Nov-19,3133.6,370.5
26-Nov-19,3140.5,367.5
27-Nov-19,3153.6,362.75
29-Nov-19,3141,371.25
2-Dec-19,3113.9,373.5
3-Dec-19,3093.2,372
4-Dec-19,3112.8,368.75
5-Dec-19,3117.4,365.5
6-Dec-19,3145.9,366.5
9-Dec-19,3136,365.75
10-Dec-19,3132.5,363.25
11-Dec-19,3141.6,357.75
12-Dec-19,3168.6,367
13-Dec-19,3168.8,366.25
16-Dec-19,3191.5,388
17-Dec-19,3192.5,390
18-Dec-19,3191.1,387
19-Dec-19,3205.4,386.5
20-Dec-19,3221.2,387.75
23-Dec-19,3224,388.75
24-Dec-19,3223.4,387.5
26-Dec-19,3239.9,388.5
27-Dec-19,3240,390
30-Dec-19,3221.3,388.25
31-Dec-19,3230.8,387.75
2-Jan-20,3257.9,391.5
3-Jan-20,3234.9,386.5
6-Jan-20,3246.3,384.75
7-Jan-20,3237.2,384.5
8-Jan-20,3253.1,384.25
9-Jan-20,3274.7,383.25
10-Jan-20,3265.4,385.75
13-Jan-20,3288.1,389.5
14-Jan-20,3283.2,389
15-Jan-20,3289.3,387.5
16-Jan-20,3316.8,375.5
17-Jan-20,3329.6,389.25
21-Jan-20,3320.8,387.5
22-Jan-20,3321.8,388.75
23-Jan-20,3325.5,393.75
24-Jan-20,3295.5,387.25
27-Jan-20,3243.6,380.5
28-Jan-20,3276.2,386.5
29-Jan-20,3273.4,384.25
30-Jan-20,3283.7,379.5
31-Jan-20,3225.5,381.25
3-Feb-20,3248.9,378.75
4-Feb-20,3297.6,382.25
5-Feb-20,3334.7,380.75
6-Feb-20,3345.8,379.25
7-Feb-20,3327.7,383.5
10-Feb-20,3352.1,381.75
11-Feb-20,3357.8,379.75
12-Feb-20,3379.5,383
13-Feb-20,3373.9,379.5
14-Feb-20,3380.2,377.75
18-Feb-20,3370.3,383
19-Feb-20,3386.2,380.5
20-Feb-20,3373.2,378.5
21-Feb-20,3337.8,377
24-Feb-20,3225.9,372.25
25-Feb-20,3128.2,372.5
26-Feb-20,3116.4,370.5
27-Feb-20,2978.8,364.5
28-Feb-20,2954.2,366.5
2-Mar-20,3090.2,374.75
3-Mar-20,3003.4,381.75
4-Mar-20,3130.1,387
5-Mar-20,3023.9,384.5
6-Mar-20,2972.4,377.25
9-Mar-20,2746.6,374.25
10-Mar-20,2882.2,380
11-Mar-20,2741.4,379.25
12-Mar-20,2480.6,369.75
13-Mar-20,2711,370.75
16-Mar-20,2386.1,354.75
17-Mar-20,2529.2,344
18-Mar-20,2398.1,335.25
19-Mar-20,2409.4,345.5
20-Mar-20,2304.9,343.75
23-Mar-20,2237.4,343.5
24-Mar-20,2447.3,347.25
25-Mar-20,2475.6,348.5
26-Mar-20,2630.1,348.75
27-Mar-20,2541.5,346
30-Mar-20,2626.7,341.25
31-Mar-20,2584.6,340.75
1-Apr-20,2470.5,334.75
2-Apr-20,2526.9,333.5
3-Apr-20,2488.7,330.75
6-Apr-20,2663.7,327.75
7-Apr-20,2659.4,331.5
8-Apr-20,2750,330
9-Apr-20,2789.8,331.75
13-Apr-20,2761.6,331.5
14-Apr-20,2846.1,326
15-Apr-20,2783.4,319.25
16-Apr-20,2799.6,319.75
17-Apr-20,2874.6,322.25
20-Apr-20,2823.2,314.25
21-Apr-20,2736.6,309.25
22-Apr-20,2799.3,317.5
23-Apr-20,2797.8,319.25
24-Apr-20,2836.7,315.75
27-Apr-20,2878.5,305.5
28-Apr-20,2863.4,302.75
29-Apr-20,2939.5,304.5
30-Apr-20,2912.4,311.5
1-May-20,2830.7,311.5
4-May-20,2842.7,310.75
5-May-20,2868.4,313
6-May-20,2848.4,311.75
7-May-20,2881.2,316
8-May-20,2929.8,319
11-May-20,2930.3,318.5
12-May-20,2870.1,323.75
13-May-20,2820,320.25
14-May-20,2852.5,320.25
15-May-20,2863.7,319.25
18-May-20,2953.9,320.75
19-May-20,2922.9,321.25
20-May-20,2971.6,319.5
21-May-20,2948.5,317.75
22-May-20,2955.5,318
26-May-20,2991.8,319
27-May-20,3036.1,320.5
28-May-20,3029.7,327.5
29-May-20,3044.3,325.75
1-Jun-20,3055.7,323.25
2-Jun-20,3080.8,324.25
3-Jun-20,3122.9,324
4-Jun-20,3112.4,329
5-Jun-20,3193.9,331.25
8-Jun-20,3232.4,333.75
9-Jun-20,3207.2,327.5
10-Jun-20,3190.1,326.25
11-Jun-20,3002.1,329.75
12-Jun-20,3041.3,330
15-Jun-20,3066.6,329.25
16-Jun-20,3124.7,329
17-Jun-20,3113.5,330.25
18-Jun-20,3115.3,331
19-Jun-20,3097.7,332.5
22-Jun-20,3117.9,328.25
23-Jun-20,3131.3,325
24-Jun-20,3050.3,324.25
25-Jun-20,3083.8,317.25
26-Jun-20,3009.1,317
29-Jun-20,3053.2,326.25
30-Jun-20,3100.3,338.5
1-Jul-20,3115.9,348.25
2-Jul-20,3130,342.5
6-Jul-20,3179.7,346.5
7-Jul-20,3145.3,345
8-Jul-20,3169.9,348.25
9-Jul-20,3152.1,351.25
10-Jul-20,3185,340.5
13-Jul-20,3155.2,334
14-Jul-20,3197.5,334.75
15-Jul-20,3226.6,326.25
16-Jul-20,3215.6,330.25
17-Jul-20,3224.7,333
20-Jul-20,3251.8,328.25
21-Jul-20,3257.3,322.75
22-Jul-20,3276,327.5
23-Jul-20,3235.7,328
24-Jul-20,3215.6,326.25
27-Jul-20,3239.4,325
28-Jul-20,3218.4,320
29-Jul-20,3258.4,315.5
30-Jul-20,3246.2,315.75
31-Jul-20,3271.1,316
3-Aug-20,3294.6,317.5
4-Aug-20,3306.5,308.25
5-Aug-20,3327.8,311
6-Aug-20,3349.2,311.25
7-Aug-20,3351.3,307.75
10-Aug-20,3360.5,310.5
11-Aug-20,3333.7,311.5
12-Aug-20,3380.4,314.5
13-Aug-20,3373.4,325.25
14-Aug-20,3372.9,324.5
17-Aug-20,3382,331
18-Aug-20,3389.8,327
19-Aug-20,3374.9,325
20-Aug-20,3385.5,324.5
21-Aug-20,3397.2,327
24-Aug-20,3431.3,331.75
25-Aug-20,3443.6,340.75
26-Aug-20,3478.7,340.5
27-Aug-20,3484.6,344.25
28-Aug-20,3508,346
31-Aug-20,3500.3,348.5
1-Sep-20,3526.7,349.5
2-Sep-20,3580.8,349.75
3-Sep-20,3455.1,344.5
4-Sep-20,3427,347.25
8-Sep-20,3331.8,351
9-Sep-20,3399,350
10-Sep-20,3339.2,357.25
11-Sep-20,3341,365
14-Sep-20,3383.5,357.5
15-Sep-20,3401.2,366
16-Sep-20,3385.5,371.75
17-Sep-20,3357,375.25
18-Sep-20,3319.5,378.5
21-Sep-20,3281.1,369.75
22-Sep-20,3315.6,369.25
23-Sep-20,3236.9,368.5
24-Sep-20,3246.6,363.5
25-Sep-20,3298.5,365.25
28-Sep-20,3351.6,366.75
29-Sep-20,3335.5,364.75
30-Sep-20,3363,379
1-Oct-20,3380.8,382.75
2-Oct-20,3348.4,379.75
5-Oct-20,3408.6,379.5
6-Oct-20,3361,385
7-Oct-20,3419.5,388.75
8-Oct-20,3446.8,387
9-Oct-20,3477.1,395
12-Oct-20,3534.2,389
13-Oct-20,3511.9,391.25
14-Oct-20,3488.7,396.5
15-Oct-20,3483.3,403.75
16-Oct-20,3483.8,402
19-Oct-20,3426.9,405.25
20-Oct-20,3443.1,408.75
21-Oct-20,3435.6,413.75
22-Oct-20,3453.5,416.25
23-Oct-20,3465.4,419.25
26-Oct-20,3401,417.75
27-Oct-20,3390.7,416
28-Oct-20,3271,401.5
29-Oct-20,3310.1,398.5
30-Oct-20,3270,398.5
2-Nov-20,3310.2,397.5
3-Nov-20,3369.2,401
4-Nov-20,3443.4,405.25
5-Nov-20,3510.5,409.25
6-Nov-20,3509.4,406.75
9-Nov-20,3550.5,407.5
10-Nov-20,3545.5,423
11-Nov-20,3572.7,417.25
12-Nov-20,3537,408.25
13-Nov-20,3585.2,410.5
16-Nov-20,3626.9,416.25
17-Nov-20,3609.5,420.25
18-Nov-20,3567.8,425.75
19-Nov-20,3581.9,422.5
20-Nov-20,3557.5,423.25
23-Nov-20,3577.6,426.5
24-Nov-20,3635.4,425.75
25-Nov-20,3629.7,420
27-Nov-20,3638.4,425.5
30-Nov-20,3621.6,419.75
1-Dec-20,3662.5,414.75
2-Dec-20,3669,419
3-Dec-20,3666.7,422.5
4-Dec-20,3699.1,417
7-Dec-20,3692,419.5
8-Dec-20,3702.3,417
9-Dec-20,3672.8,422
10-Dec-20,3668.1,420.25
11-Dec-20,3663.5,424.25
14-Dec-20,3647.5,419.25
15-Dec-20,3694.6,424.75
16-Dec-20,3701.2,427.25
17-Dec-20,3722.5,432.5
18-Dec-20,3709.4,437.5
21-Dec-20,3694.9,440
22-Dec-20,3687.3,443.5
23-Dec-20,3690,447.25
24-Dec-20,3703.1,451
28-Dec-20,3735.4,456.5
29-Dec-20,3727,466
30-Dec-20,3732,474.5
31-Dec-20,3756.1,484
4-Jan-21,3700.7,483.75
5-Jan-21,3726.9,491.75
6-Jan-21,3748.1,495
7-Jan-21,3803.8,494
8-Jan-21,3824.7,496.25
11-Jan-21,3799.6,492.25
12-Jan-21,3801.2,517.25
13-Jan-21,3809.8,524.5
14-Jan-21,3795.5,534.25
15-Jan-21,3768.3,531.5
19-Jan-21,3798.9,526
20-Jan-21,3851.9,522
21-Jan-21,3853.1,524.25
22-Jan-21,3841.5,500.5
25-Jan-21,3855.4,511.5
26-Jan-21,3849.6,532.25
27-Jan-21,3750.8,534
28-Jan-21,3787.4,534.5
29-Jan-21,3714.2,547
1-Feb-21,3773.9,549.25
2-Feb-21,3826.3,543
3-Feb-21,3830.2,552
4-Feb-21,3871.7,550
5-Feb-21,3886.8,548.5
8-Feb-21,3915.6,563.75
9-Feb-21,3911.2,556.25
10-Feb-21,3909.9,534.5
11-Feb-21,3916.4,541
12-Feb-21,3934.8,538.75
16-Feb-21,3932.6,552.25
17-Feb-21,3931.3,553
18-Feb-21,3914,550.25
19-Feb-21,3906.7,542.75
22-Feb-21,3876.5,551
23-Feb-21,3881.4,553.75
24-Feb-21,3925.4,559.25
25-Feb-21,3829.3,554.75
26-Feb-21,3811.2,555.5
1-Mar-21,3901.8,547.5
2-Mar-21,3870.3,560.75
3-Mar-21,3819.7,550.25
4-Mar-21,3768.5,546.25
5-Mar-21,3841.9,562
8-Mar-21,3821.4,565
9-Mar-21,3875.4,562
10-Mar-21,3898.8,547.75
11-Mar-21,3939.3,555
12-Mar-21,3943.3,549.25
15-Mar-21,3968.9,549.5
16-Mar-21,3962.7,554.25
17-Mar-21,3974.1,558
18-Mar-21,3915.5,546.5
19-Mar-21,3913.1,557.75
22-Mar-21,3940.6,549
23-Mar-21,3910.5,551.25
24-Mar-21,3889.1,553.25
25-Mar-21,3909.5,546.5
26-Mar-21,3974.5,552.5
29-Mar-21,3971.1,546.75
30-Mar-21,3958.6,539.25
31-Mar-21,3972.9,564.25
1-Apr-21,4019.9,559.75
5-Apr-21,4077.9,553.25
6-Apr-21,4073.9,554.25
7-Apr-21,4080,560.5
8-Apr-21,4097.2,579.75
9-Apr-21,4128.8,577.25
12-Apr-21,4128,569
13-Apr-21,4141.6,580
14-Apr-21,4124.7,594
15-Apr-21,4170.4,590
16-Apr-21,4185.5,585.5
19-Apr-21,4163.3,592
20-Apr-21,4134.9,606.5
21-Apr-21,4173.4,625.5
22-Apr-21,4135,650.5
23-Apr-21,4180.2,655.5
26-Apr-21,4187.6,680.5
27-Apr-21,4186.7,695.5
28-Apr-21,4183.2,686.25
29-Apr-21,4211.5,702
30-Apr-21,4181.2,740
3-May-21,4192.7,732.25
4-May-21,4164.7,744.75
5-May-21,4167.6,753.25
6-May-21,4201.6,759.5
7-May-21,4232.6,772.75
10-May-21,4188.4,748
11-May-21,4152.1,759.5
12-May-21,4063,757.5
13-May-21,4112.5,719
14-May-21,4173.9,685
17-May-21,4163.3,652.5
18-May-21,4127.8,658.25
19-May-21,4115.7,658.25
20-May-21,4159.1,664.5
21-May-21,4155.9,659.5
24-May-21,4197.1,657.25
25-May-21,4188.1,620.25
26-May-21,4196,624.5
27-May-21,4200.9,664.5
28-May-21,4204.1,656.75
1-Jun-21,4202,688.75
2-Jun-21,4208.1,675
3-Jun-21,4192.9,662
4-Jun-21,4229.9,682.75
7-Jun-21,4226.5,679.25
8-Jun-21,4227.3,680
9-Jun-21,4219.6,690.75
10-Jun-21,4239.2,699
11-Jun-21,4247.4,684.5
14-Jun-21,4255.2,659.25
15-Jun-21,4246.6,667.5
16-Jun-21,4223.7,673
17-Jun-21,4221.9,633
18-Jun-21,4166.5,655.25
21-Jun-21,4224.8,659.25
22-Jun-21,4246.4,659.75
23-Jun-21,4241.8,664.25
24-Jun-21,4266.5,653.25
25-Jun-21,4280.7,636.5
28-Jun-21,4290.6,675.5
29-Jun-21,4291.8,694.5
30-Jun-21,4297.5,720
1-Jul-21,4319.9,719.75
2-Jul-21,4352.3,697.25
6-Jul-21,4343.5,656
7-Jul-21,4358.1,652.5
8-Jul-21,4320.8,638
9-Jul-21,4369.6,629.75
12-Jul-21,4384.6,669.25
13-Jul-21,4369.2,677
14-Jul-21,4374.3,683
15-Jul-21,4360,564.25
16-Jul-21,4327.2,556
19-Jul-21,4258.6,556
20-Jul-21,4323.2,571.75
21-Jul-21,4358.7,571.75
22-Jul-21,4367.5,564.5
23-Jul-21,4411.8,547.25
26-Jul-21,4422.2,549.75
27-Jul-21,4401.5,548.75
28-Jul-21,4400.7,549.25
29-Jul-21,4419.2,558
30-Jul-21,4395.3,547
2-Aug-21,4387.1,558.75
3-Aug-21,4423.2,550.5
4-Aug-21,4402.7,545.75
5-Aug-21,4429.1,555.75
6-Aug-21,4436.5,555
9-Aug-21,4432.4,550.25
10-Aug-21,4436.8,549.25
11-Aug-21,4447.7,556.25
12-Aug-21,4460.8,567
13-Aug-21,4468,568.25
16-Aug-21,4479.7,564.75
17-Aug-21,4448.1,558.25
18-Aug-21,4400.3,561.75
19-Aug-21,4405.8,550
20-Aug-21,4441.7,538.75
23-Aug-21,4479.5,538
24-Aug-21,4486.2,544.5
25-Aug-21,4496.2,551.25
26-Aug-21,4469.9,552.75
27-Aug-21,4509.4,558
30-Aug-21,4528.8,540.25
31-Aug-21,4522.7,534
1-Sep-21,4524.1,515.5
2-Sep-21,4537,516.25
3-Sep-21,4535.4,508
7-Sep-21,4520,495.75
8-Sep-21,4514.1,498.25
9-Sep-21,4493.3,496
10-Sep-21,4458.6,502.75
13-Sep-21,4468.7,496.75
14-Sep-21,4443.1,503
15-Sep-21,4480.7,533.5
16-Sep-21,4473.8,529.5
17-Sep-21,4433,527.25
20-Sep-21,4357.7,521.75
21-Sep-21,4354.2,517
22-Sep-21,4395.6,525.5
23-Sep-21,4449,529.25
24-Sep-21,4455.5,526.75
27-Sep-21,4443.1,539.5
28-Sep-21,4352.6,532.5
29-Sep-21,4359.5,539
30-Sep-21,4307.5,536.75
1-Oct-21,4357.1,541.5
4-Oct-21,4300.5,540.75
5-Oct-21,4345.7,537.5
6-Oct-21,4363.6,532.25
7-Oct-21,4399.8,534
8-Oct-21,4391.4,530.5
11-Oct-21,4361.2,533
12-Oct-21,4350.6,522.5
13-Oct-21,4363.8,512.25
14-Oct-21,4438.2,516.75
15-Oct-21,4471.4,525.75
