﻿"Cube Title","Product Id","CANSIM Id",URL,"Cube Notes","Archive Status",Frequency,"Start Reference Period","End Reference Period","Total number of dimensions"
"Farm product price index (FPPI), monthly","32100098","002-0068","https://www150.statcan.gc.ca/t1/tbl1/en/tv.action?pid=3210009801",1;2;3,"CURRENT - a cube available to the public and that is current","Monthly","1935-01-01","2023-03-01","2",

"Dimension ID","Dimension name","Dimension Notes","Dimension Definitions"
"1","Geography",,""
"2","Commodity groups",10,""

"Dimension ID","Member Name","Classification Code","Member ID","Parent Member ID",Terminated,"Member Notes","Member Definitions"
"1","Eastern Canada","","2","1","",,
"1","Western Canada","","9","1","",,
"1","Newfoundland and Labrador","[10]","3","2","",,
"1","Prince Edward Island","[11]","4","2","",,
"1","Nova Scotia","[12]","5","2","",,
"1","New Brunswick","[13]","6","2","",,
"1","Quebec","[24]","7","2","",,
"1","Ontario","[35]","8","2","",,
"1","Manitoba","[46]","10","9","",,
"1","Saskatchewan","[47]","11","9","",,
"1","Alberta","[48]","12","9","",,
"1","British Columbia","[59]","13","9","",,
"1","Canada","[11124]","1","","",4;5;6,
"2","Total crops","","2","1","",,
"2","Total livestock and animal products","","9","1","",,
"2","Grains","[A11]","3","2","",,
"2","Oilseeds","[A12]","4","2","",,
"2","Specialty crops","[A13]","5","2","",,
"2","Fresh fruit","[A14]","6","2","",,
"2","Fresh vegetables (except potatoes and pulse crops)","[A15]","7","2","",,
"2","Fresh potatoes","[A16]","8","2","",,
"2","Cattle and calves","[A21]","10","9","",,
"2","Hogs","[A22]","11","9","",,
"2","Chickens, turkeys, chicks, poults","[A23]","12","9","",,
"2","Eggs in shell","[A24]","13","9","",,
"2","Unprocessed milk","[A25]","14","9","",,
"2","Total index","","1","","",,

Symbol Legend
Description,Symbol
"not available for a specific reference period","..",
"less than the limit of detection","<LOD",
"value rounded to 0 (zero) where there is a meaningful distinction between true zero and the value that was rounded","0s",
"data quality: excellent","A",
"data quality: very good","B",
"data quality: good","C",
"data quality: acceptable","D",
"use with caution","E",
"too unreliable to be published","F",
"not applicable","...",
"preliminary","p",
"revised","r",
"suppressed to meet the confidentiality requirements of the Statistics Act","x",
"terminated","t",

"Survey Code","Survey Name"
"5040","Farm Product Price Index"

"Subject Code","Subject Name"
"32","Agriculture and food"

"Note ID",Note
1,"The Farm product price index (FPPI) measures the change through time in prices received by farmers from the sale of agricultural products. The FPPI uses a five-year rolling average base; the annual weighting pattern is updated every year. This method captures the continual shift in agriculture commodities produced and sold. An overall index is available monthly and annually for the provinces and Canada, as are a variety of commodity-group indexes."
2,"This table contains data for years 1935 to present. Not all commodity groups necessarily have data for all years."
3,""0" denotes that either none of the commodities in the commodity group is commercially produced in the province, or marketed in that particular month."
4,"Canada data exclude Newfoundland and Labrador until 1971."
5,"Eastern Canada includes Newfoundland and Labrador, Prince Edward Island, Nova Scotia, New Brunswick, Quebec and Ontario."
6,"Western Canada includes Manitoba, Saskatchewan, Alberta and British Columbia."
10,"Commodity names have been adjusted to align with the <a href="http://www23.statcan.gc.ca/imdb/p3VD.pl?Function=getVD&TVD=1198095">Variant of North American Product Classification System (NAPCS) Canada 2017 Version 2.0 - Farm Product Price Index (FPPI)</a>."

"Correction ID","Correction Date","Correction Note"
